,city,type,county,state,lat,lng,Date,Temperature,Cloud,Pressure,Wind
0,Adelanto,City,San Bernardino,california,34.582769899999995,-117.40921499999999,2018-12-01 21:59:45+00,57.13,40,1012.0,7.7
1,Agoura Hills,City,Los Angeles,california,34.1533395,-118.7616764,2018-12-01 21:59:45+00,63.01,1,1013.0,4.1
2,Alameda,City,Alameda,california,37.7652065,-122.2416355,2018-12-01 21:59:45+00,57.88,90,1015.0,6.7
3,Albany,City,Alameda,california,37.88687,-122.29774750000001,2018-12-01 21:59:45+00,58.35,40,1015.0,6.7
4,Alhambra,City,Los Angeles,california,34.095287,-118.1270146,2018-12-01 21:59:45+00,63.27,1,1013.0,4.1
5,Aliso Viejo,City,Orange,california,33.5684605,-117.7262981,2018-12-01 21:59:45+00,62.53,75,1014.0,4.1
6,Alturas,City,Modoc,california,41.4871146,-120.54245549999999,2018-12-01 21:59:45+00,33.98,75,1008.0,2.6
7,Amador City,City,Amador,california,38.41935529999999,-120.82410300000001,2018-12-01 21:59:45+00,50.2,90,1014.0,2.1
8,American Canyon,City,Napa,california,38.174917799999996,-122.2608044,2018-12-01 21:59:45+00,58.39,90,1015.0,6.7
9,Anaheim,City,Orange,california,33.8365932,-117.91430120000001,2018-12-01 21:59:45+00,62.92,1,1014.0,4.1
10,Anderson,City,Shasta,california,40.448208,-122.2977815,2018-12-01 21:59:45+00,50.43,75,1013.0,2.6
11,Angels Camp,City,Calaveras,california,38.06778320000001,-120.53852990000001,2018-12-01 21:59:45+00,49.8,40,1015.0,2.1
12,Antioch,City,Contra Costa,california,38.0049214,-121.80578899999999,2018-12-01 21:59:45+00,58.03,90,1015.0,6.7
13,Apple Valley,Town,San Bernardino,california,34.5008311,-117.18587590000001,2018-12-01 21:59:45+00,59.54,1,1011.0,11.8
14,Arcadia,City,Los Angeles,california,34.139729200000005,-118.0353449,2018-12-01 21:59:45+00,62.69,1,1013.0,4.1
15,Arcata,City,Humboldt,california,40.866516600000004,-124.0828396,2018-12-01 21:59:45+00,48.04,90,1016.0,1.5
16,Arroyo Grande,City,San Luis Obispo,california,35.118586799999996,-120.59072520000001,2018-12-01 21:59:45+00,58.35,75,1016.0,4.1
17,Artesia,City,Los Angeles,california,33.8658484,-118.08312120000001,2018-12-01 21:59:45+00,63.25,1,1013.0,4.1
18,Arvin,City,Kern,california,35.201798600000004,-118.833105,2018-12-01 21:59:45+00,54.1,1,1013.0,8.2
19,Atascadero,City,San Luis Obispo,california,35.4894169,-120.67072549999999,2018-12-01 21:59:45+00,58.23,90,1016.0,3.92
20,Atherton,Town,San Mateo,california,37.46132720000001,-122.19774299999999,2018-12-01 21:59:45+00,56.95,90,1015.0,6.7
21,Atwater,City,Merced,california,37.3477174,-120.60908400000001,2018-12-01 21:59:45+00,51.78,40,1015.0,5.1
22,Auburn,City,Placer,california,38.8965654,-121.07689009999999,2018-12-01 21:59:45+00,52.02,90,1013.0,4.1
23,Avalon,City,Los Angeles,california,33.3428193,-118.32822790000002,2018-12-01 21:59:45+00,64.06,1,1014.0,4.1
24,Avenal,City,Kings,california,36.0041223,-120.12902720000001,2018-12-01 21:59:45+00,55.29,90,1015.0,6.2
25,Azusa,City,Los Angeles,california,34.1336186,-117.90756270000001,2018-12-01 21:59:45+00,62.92,40,1014.0,2.6
26,Bakersfield,City,Kern,california,35.3732921,-119.0187125,2018-12-01 21:59:45+00,56.64,1,1016.0,1.5
27,Baldwin Park,City,Los Angeles,california,34.0852868,-117.96089779999998,2018-12-01 21:59:45+00,62.92,1,1013.0,4.1
28,Banning,City,Riverside,california,33.9255713,-116.87641029999999,2018-12-01 21:59:45+00,60.15,90,1013.0,5.7
29,Barstow,City,San Bernardino,california,34.89579570000001,-117.01728259999999,2018-12-01 21:59:45+00,58.32,1,1011.0,11.8
30,Beaumont,City,Riverside,california,33.929460600000006,-116.977248,2018-12-01 21:59:45+00,60.71,90,1013.0,5.7
31,Bell,City,Los Angeles,california,33.9775142,-118.1870156,2018-12-01 21:59:45+00,63.25,1,1013.0,4.1
32,Bell Gardens,City,Los Angeles,california,33.965291799999996,-118.1514588,2018-12-01 21:59:45+00,63.25,1,1014.0,4.1
33,Bellflower,City,Los Angeles,california,33.881681799999996,-118.1170117,2018-12-01 21:59:45+00,63.25,1,1014.0,4.1
34,Belmont,City,San Mateo,california,37.5202145,-122.27580079999998,2018-12-01 21:59:45+00,57.72,75,1016.0,8.7
35,Belvedere,City,Marin,california,37.872704399999996,-122.46441709999999,2018-12-01 21:59:45+00,58.23,40,1015.0,6.7
36,Benicia,City,Solano,california,38.049365,-122.1585777,2018-12-01 21:59:45+00,58.35,40,1015.0,6.7
37,Berkeley,City,Alameda,california,37.87159260000001,-122.272747,2018-12-01 21:59:45+00,58.19,90,1015.0,6.7
38,Beverly Hills,City,Los Angeles,california,34.073620399999996,-118.40035630000001,2018-12-01 21:59:45+00,63.34,1,1013.0,4.1
39,Big Bear Lake,City,San Bernardino,california,34.243896299999996,-116.9114215,2018-12-01 21:59:45+00,59.74,40,1013.0,4.6
40,Biggs,City,Butte,california,39.4123876,-121.71275130000001,2018-12-01 21:59:45+00,54.18,40,1013.0,6.7
41,Bishop,City,Inyo,california,37.3614238,-118.3996636,2018-12-01 21:59:45+00,32.0,90,1008.0,10.8
42,Blue Lake,City,Humboldt,california,40.882907200000005,-123.9839488,2018-12-01 21:59:45+00,48.04,90,1016.0,1.5
43,Blythe,City,Riverside,california,33.6177725,-114.5882607,2018-12-01 21:59:45+00,64.12,0,998.12,2.07
44,Bradbury,City,Los Angeles,california,34.1469511,-117.97089820000001,2018-12-01 21:59:45+00,62.69,1,1013.0,4.1
45,Brawley,City,Imperial,california,32.9786566,-115.530267,2018-12-01 21:59:45+00,69.58,75,1012.0,4.1
46,Brea,City,Orange,california,33.916475,-117.9002918,2018-12-01 21:59:45+00,62.92,1,1013.0,4.1
47,Brentwood,City,Contra Costa,california,37.931868,-121.6957863,2018-12-01 21:59:45+00,57.56,75,1015.0,3.1
48,Brisbane,City,San Mateo,california,37.6807661,-122.3999715,2018-12-01 21:59:45+00,57.85,75,1016.0,8.7
49,Buellton,City,Santa Barbara,california,34.613597,-120.19265049999998,2018-12-01 21:59:45+00,61.29,75,1017.0,6.7
50,Buena Park,City,Orange,california,33.8674044,-117.99813870000001,2018-12-01 21:59:45+00,62.92,1,1013.0,4.1
51,Burbank,City,Los Angeles,california,34.18083920000001,-118.30896609999998,2018-12-01 21:59:45+00,62.74,1,1013.0,4.1
52,Burlingame,City,San Mateo,california,37.5778696,-122.34808999999998,2018-12-01 21:59:45+00,57.85,75,1016.0,8.7
53,Calabasas,City,Los Angeles,california,34.1367208,-118.66148090000002,2018-12-01 21:59:45+00,63.41,1,1013.0,4.1
54,Calexico,City,Imperial,california,32.6789476,-115.4988834,2018-12-01 21:59:45+00,69.64,75,1012.0,4.1
55,California City,City,Kern,california,35.125801,-117.98590379999999,2018-12-01 21:59:45+00,55.33,1,1013.0,8.2
56,Calimesa,City,Riverside,california,34.0039039,-117.06197549999999,2018-12-01 21:59:45+00,59.79,90,1013.0,5.7
57,Calipatria,City,Imperial,california,33.1255957,-115.51415379999999,2018-12-01 21:59:45+00,69.58,75,1012.0,4.1
58,Calistoga,City,Napa,california,38.5787965,-122.5797054,2018-12-01 21:59:45+00,58.69,20,1015.0,7.2
59,Camarillo,City,Ventura,california,34.216393700000005,-119.0376023,2018-12-01 21:59:45+00,62.96,40,1015.0,4.6
60,Campbell,City,Santa Clara,california,37.2871651,-121.9499568,2018-12-01 21:59:45+00,56.46,90,1015.0,6.7
61,Canyon Lake,City,Riverside,california,33.685021500000005,-117.27309309999998,2018-12-01 21:59:45+00,61.9,90,1013.0,5.7
62,Capitola,City,Santa Cruz,california,36.9752283,-121.95329299999999,2018-12-01 21:59:45+00,54.91,90,1016.0,2.1
63,Carlsbad,City,San Diego,california,33.158093300000004,-117.3505939,2018-12-01 21:59:45+00,63.27,75,1014.0,4.1
64,Carmel-by-the-Sea,City,Monterey,california,36.5552386,-121.92328789999999,2018-12-01 21:59:45+00,54.23,90,1016.0,2.1
65,Carpinteria,City,Santa Barbara,california,34.39888380000001,-119.5184564,2018-12-01 21:59:45+00,63.61,1,1014.0,8.7
66,Carson,City,Los Angeles,california,33.8316745,-118.28169299999999,2018-12-01 21:59:45+00,63.25,1,1013.0,4.1
67,Cathedral City,City,Riverside,california,33.780538799999995,-116.46680359999999,2018-12-01 21:59:45+00,62.19,1,1011.0,8.7
68,Ceres,City,Stanislaus,california,37.5949316,-120.9577098,2018-12-01 21:59:45+00,52.29,40,1015.0,2.1
69,Cerritos,City,Los Angeles,california,33.858348299999996,-118.0647871,2018-12-01 21:59:45+00,63.25,1,1013.0,4.1
70,Chico,City,Butte,california,39.728494399999995,-121.8374777,2018-12-01 21:59:45+00,55.94,1,1014.0,4.1
71,Chino,City,San Bernardino,california,34.0122346,-117.68894399999999,2018-12-01 21:59:45+00,62.96,20,1014.0,3.1
72,Chino Hills,City,San Bernardino,california,33.989818799999995,-117.7325848,2018-12-01 21:59:45+00,62.94,1,1013.0,4.1
73,Chowchilla,City,Madera,california,37.1229997,-120.2601754,2018-12-01 21:59:45+00,51.33,90,1016.0,4.1
74,Chula Vista,City,San Diego,california,32.6400541,-117.0841955,2018-12-01 21:59:45+00,63.48,1,1015.0,4.1
75,Citrus Heights,City,Sacramento,california,38.7071247,-121.2810611,2018-12-01 21:59:45+00,52.93,20,1014.0,3.6
76,Claremont,City,Los Angeles,california,34.0966764,-117.71977849999999,2018-12-01 21:59:45+00,62.94,1,1013.0,4.1
77,Clayton,City,Contra Costa,california,37.9410341,-121.9357925,2018-12-01 21:59:45+00,57.85,40,1015.0,6.7
78,Clearlake,City,Lake,california,38.9582307,-122.62637279999998,2018-12-01 21:59:45+00,50.0,40,1015.0,1.5
79,Cloverdale,City,Sonoma,california,38.8054624,-123.01722269999999,2018-12-01 21:59:45+00,50.0,40,1015.0,1.5
80,Clovis,City,Fresno,california,36.8252277,-119.70291940000001,2018-12-01 21:59:45+00,53.17,90,1016.0,4.1
81,Coachella,City,Riverside,california,33.6803003,-116.17389399999999,2018-12-01 21:59:45+00,63.01,1,1011.0,8.7
82,Coalinga,City,Fresno,california,36.139678,-120.3601496,2018-12-01 21:59:45+00,55.29,90,1015.0,6.2
83,Colfax,City,Placer,california,39.100729799999996,-120.95327590000001,2018-12-01 21:59:45+00,51.78,90,1012.0,1.5
84,Colma,Town,San Mateo,california,37.6768779,-122.459695,2018-12-01 21:59:45+00,57.85,75,1016.0,8.7
85,Colton,City,San Bernardino,california,34.0739016,-117.3136547,2018-12-01 21:59:45+00,61.41,90,1013.0,5.7
86,Colusa,City,Colusa,california,39.2143343,-122.0094175,2018-12-01 21:59:45+00,57.29,40,1013.0,6.7
87,Commerce,City,Los Angeles,california,34.0005691,-118.1597929,2018-12-01 21:59:45+00,63.64,1,1013.0,4.1
88,Compton,City,Los Angeles,california,33.8958492,-118.2200712,2018-12-01 21:59:45+00,63.25,1,1013.0,4.1
89,Concord,City,Contra Costa,california,37.9779776,-122.0310733,2018-12-01 21:59:45+00,58.26,40,1015.0,6.7
90,Corcoran,City,Kings,california,36.098007,-119.56040149999998,2018-12-01 21:59:45+00,54.37,90,1015.0,3.27
91,Corning,City,Tehama,california,39.927657200000006,-122.17915559999999,2018-12-01 21:59:45+00,55.36,40,1013.0,4.1
92,Corona,City,Riverside,california,33.8752935,-117.56643840000001,2018-12-01 21:59:45+00,62.55,90,1013.0,5.7
93,Coronado,City,San Diego,california,32.6858853,-117.18308909999999,2018-12-01 21:59:45+00,63.34,75,1014.0,3.1
94,Corte Madera,Town,Marin,california,37.92548060000001,-122.5274755,2018-12-01 21:59:45+00,58.35,40,1015.0,6.7
95,Costa Mesa,City,Orange,california,33.6412156,-117.91882209999999,2018-12-01 21:59:45+00,62.85,75,1014.0,4.1
96,Cotati,City,Sonoma,california,38.3293416,-122.70966659999999,2018-12-01 21:59:45+00,58.82,20,1015.0,7.2
97,Covina,City,Los Angeles,california,34.0900091,-117.89033970000001,2018-12-01 21:59:45+00,62.92,1,1013.0,4.1
98,Crescent City,City,Del Norte,california,41.7557501,-124.2025913,2018-12-01 21:59:45+00,49.42,75,1015.0,2.1
99,Cudahy,City,Los Angeles,california,33.9605701,-118.1853486,2018-12-01 21:59:45+00,63.25,1,1013.0,4.1
100,Culver City,City,Los Angeles,california,34.021122399999996,-118.3964665,2018-12-01 21:59:45+00,63.34,1,1013.0,4.1
101,Cupertino,City,Santa Clara,california,37.322997799999996,-122.03218229999999,2018-12-01 21:59:45+00,56.7,90,1015.0,6.7
102,Cypress,City,Orange,california,33.816936600000005,-118.0368507,2018-12-01 21:59:45+00,63.25,1,1013.0,4.1
103,Daly City,City,San Mateo,california,37.687924100000004,-122.47020790000002,2018-12-01 21:59:45+00,57.85,75,1016.0,8.7
104,Dana Point,City,Orange,california,33.4672256,-117.6981014,2018-12-01 21:59:45+00,62.49,75,1014.0,4.1
105,Danville,Town,Contra Costa,california,37.8215929,-121.9999606,2018-12-01 21:59:45+00,57.9,40,1015.0,6.7
106,Davis,City,Yolo,california,38.5449065,-121.74051670000001,2018-12-01 21:59:45+00,57.34,20,1014.0,2.1
107,Del Mar,City,San Diego,california,32.9594891,-117.2653146,2018-12-01 21:59:45+00,62.96,75,1014.0,4.1
108,Del Rey Oaks,City,Monterey,california,36.5932934,-121.83495149999999,2018-12-01 21:59:45+00,54.23,90,1016.0,2.1
109,Delano,City,Kern,california,35.7688425,-119.24705359999999,2018-12-01 21:59:45+00,55.06,90,1015.0,3.27
110,Desert Hot Springs,City,Riverside,california,33.961124,-116.5016784,2018-12-01 21:59:45+00,60.08,1,1014.0,4.1
111,Diamond Bar,City,Los Angeles,california,34.028622600000006,-117.81033670000001,2018-12-01 21:59:45+00,62.94,1,1013.0,4.1
112,Dinuba,City,Tulare,california,36.5432837,-119.3870656,2018-12-01 21:59:45+00,53.44,90,1015.0,4.1
113,Dixon,City,Solano,california,38.4454641,-121.82329579999998,2018-12-01 21:59:45+00,57.16,40,1015.0,6.7
114,Dorris,City,Siskiyou,california,41.9673696,-121.91806000000001,2018-12-01 21:59:45+00,40.48,75,1008.0,5.7
115,Dos Palos,City,Merced,california,36.9860582,-120.62657220000001,2018-12-01 21:59:45+00,51.28,40,1015.0,5.1
116,Downey,City,Los Angeles,california,33.9401088,-118.13315929999999,2018-12-01 21:59:45+00,63.25,1,1013.0,4.1
117,Duarte,City,Los Angeles,california,34.1394513,-117.97728729999999,2018-12-01 21:59:45+00,63.27,1,1013.0,4.1
118,Dublin,City,Alameda,california,37.7021521,-121.9357918,2018-12-01 21:59:45+00,57.72,90,1015.0,6.7
119,Dunsmuir,City,Siskiyou,california,41.208208899999995,-122.27195290000002,2018-12-01 21:59:45+00,42.39,90,1010.0,2.1
120,East Palo Alto,City,San Mateo,california,37.4688273,-122.1410751,2018-12-01 21:59:45+00,56.64,75,1016.0,8.7
121,Eastvale,City,Riverside,california,33.952463,-117.5848025,2018-12-01 21:59:45+00,62.64,90,1013.0,5.7
122,El Cajon,City,San Diego,california,32.7947731,-116.96252690000001,2018-12-01 21:59:45+00,63.28,75,1014.0,4.1
123,El Centro,City,Imperial,california,32.792,-115.56305139999999,2018-12-01 21:59:45+00,69.6,1,1011.0,5.7
124,El Cerrito,City,Contra Costa,california,37.9161326,-122.31076499999999,2018-12-01 21:59:45+00,58.19,90,1015.0,6.7
125,El Monte,City,Los Angeles,california,34.0686206,-118.02756670000001,2018-12-01 21:59:45+00,63.27,1,1013.0,4.1
126,El Segundo,City,Los Angeles,california,33.9191799,-118.4164652,2018-12-01 21:59:45+00,63.34,1,1013.0,4.1
127,Elk Grove,City,Sacramento,california,38.4087993,-121.37161780000001,2018-12-01 21:59:45+00,54.34,75,1015.0,3.1
128,Emeryville,City,Alameda,california,37.831315999999994,-122.2852473,2018-12-01 21:59:45+00,58.1,40,1015.0,6.7
129,Encinitas,City,San Diego,california,33.0369867,-117.2919818,2018-12-01 21:59:45+00,62.96,75,1014.0,4.1
130,Escalon,City,San Joaquin,california,37.797427299999995,-120.9966033,2018-12-01 21:59:45+00,51.46,40,1015.0,2.1
131,Escondido,City,San Diego,california,33.1192068,-117.086421,2018-12-01 21:59:45+00,62.96,75,1014.0,4.1
132,Etna,City,Siskiyou,california,41.4568065,-122.8947551,2018-12-01 21:59:45+00,42.26,1,1012.0,1.5
133,Eureka,City,Humboldt,california,40.80207120000001,-124.16367290000001,2018-12-01 21:59:45+00,47.95,40,1016.0,3.1
134,Exeter,City,Tulare,california,36.2960613,-119.1420517,2018-12-01 21:59:45+00,53.87,90,1016.0,3.1
135,Fairfax,Town,Marin,california,37.987145399999996,-122.5888686,2018-12-01 21:59:45+00,58.55,40,1015.0,6.7
136,Fairfield,City,Solano,california,38.24935809999999,-122.03996629999999,2018-12-01 21:59:45+00,58.26,40,1015.0,6.7
137,Farmersville,City,Tulare,california,36.2977283,-119.2067767,2018-12-01 21:59:45+00,53.92,90,1016.0,3.1
138,Ferndale,City,Humboldt,california,40.5762406,-124.26394409999999,2018-12-01 21:59:45+00,47.75,40,1016.0,3.1
139,Fillmore,City,Ventura,california,34.3991639,-118.918154,2018-12-01 21:59:45+00,62.96,1,1013.0,4.1
140,Firebaugh,City,Fresno,california,36.8588376,-120.45600719999999,2018-12-01 21:59:45+00,51.33,90,1016.0,4.1
141,Folsom,City,Sacramento,california,38.6779591,-121.17605829999998,2018-12-01 21:59:45+00,52.43,20,1014.0,3.6
142,Fontana,City,San Bernardino,california,34.0922335,-117.435048,2018-12-01 21:59:45+00,61.92,90,1013.0,5.7
143,Fort Bragg,City,Mendocino,california,39.445723,-123.8052935,2018-12-01 21:59:45+00,50.0,40,1015.0,1.5
144,Fort Jones,City,Siskiyou,california,41.6076387,-122.84030990000002,2018-12-01 21:59:45+00,41.88,90,1011.0,4.6
145,Fortuna,City,Humboldt,california,40.5981867,-124.1572756,2018-12-01 21:59:45+00,47.75,40,1016.0,3.1
146,Foster City,City,San Mateo,california,37.558546500000006,-122.2710788,2018-12-01 21:59:45+00,57.67,75,1016.0,8.7
147,Fountain Valley,City,Orange,california,33.7090212,-117.95440690000001,2018-12-01 21:59:45+00,62.94,1,1013.0,4.1
148,Fowler,City,Fresno,california,36.630505799999995,-119.6784697,2018-12-01 21:59:45+00,53.15,90,1015.0,4.1
149,Fremont,City,Alameda,california,37.548269700000006,-121.98857190000001,2018-12-01 21:59:45+00,56.86,90,1015.0,6.7
150,Fresno,City,Fresno,california,36.737798100000006,-119.78712469999999,2018-12-01 21:59:45+00,53.17,90,1015.0,4.1
151,Fullerton,City,Orange,california,33.8703645,-117.9242123,2018-12-01 21:59:45+00,62.92,1,1013.0,4.1
152,Galt,City,Sacramento,california,38.2546373,-121.29994850000001,2018-12-01 21:59:45+00,55.69,75,1015.0,3.1
153,Garden Grove,City,Orange,california,33.774269200000006,-117.9379952,2018-12-01 21:59:45+00,62.92,1,1013.0,4.1
154,Gardena,City,Los Angeles,california,33.8883487,-118.30896240000001,2018-12-01 21:59:45+00,63.25,1,1014.0,6.2
155,Gilroy,City,Santa Clara,california,37.0057816,-121.5682751,2018-12-01 21:59:45+00,54.63,90,1016.0,2.1
156,Glendale,City,Los Angeles,california,34.1425078,-118.255075,2018-12-01 21:59:45+00,62.69,1,1013.0,4.1
157,Glendora,City,Los Angeles,california,34.136118700000004,-117.86533899999999,2018-12-01 21:59:45+00,62.94,40,1014.0,2.6
158,Goleta,City,Santa Barbara,california,34.4358294,-119.8276389,2018-12-01 21:59:45+00,62.13,1,1014.0,8.7
159,Gonzales,City,Monterey,california,36.506629499999995,-121.44438059999999,2018-12-01 21:59:45+00,54.25,90,1016.0,2.1
160,Grand Terrace,City,San Bernardino,california,34.0339031,-117.3136544,2018-12-01 21:59:45+00,61.41,90,1013.0,5.7
161,Grass Valley,City,Nevada,california,39.219060799999994,-121.06106059999999,2018-12-01 21:59:45+00,52.21,90,1012.0,1.5
162,Greenfield,City,Monterey,california,36.320799799999996,-121.2438138,2018-12-01 21:59:45+00,53.8,90,1016.0,2.1
163,Gridley,City,Butte,california,39.363777299999995,-121.69358329999999,2018-12-01 21:59:45+00,53.47,40,1013.0,6.7
164,Grover Beach,City,San Luis Obispo,california,35.1216424,-120.6212821,2018-12-01 21:59:45+00,58.35,75,1016.0,4.1
165,Guadalupe,City,Santa Barbara,california,34.971644,-120.57183629999999,2018-12-01 21:59:45+00,59.49,75,1017.0,6.2
166,Gustine,City,Merced,california,37.2577171,-120.99881540000001,2018-12-01 21:59:45+00,52.48,40,1015.0,5.1
167,Half Moon Bay,City,San Mateo,california,37.4635519,-122.4285862,2018-12-01 21:59:45+00,57.6,75,1016.0,8.7
168,Hanford,City,Kings,california,36.3274502,-119.64568440000001,2018-12-01 21:59:45+00,53.4,90,1015.0,4.1
169,Hawaiian Gardens,City,Los Angeles,california,33.8314045,-118.07284240000001,2018-12-01 21:59:45+00,63.25,1,1014.0,4.1
170,Hawthorne,City,Los Angeles,california,33.9164032,-118.35257479999999,2018-12-01 21:59:45+00,63.25,1,1013.0,4.1
171,Hayward,City,Alameda,california,37.6688205,-122.08079640000001,2018-12-01 21:59:45+00,57.88,90,1015.0,6.7
172,Healdsburg,City,Sonoma,california,38.6104658,-122.86916090000001,2018-12-01 21:59:45+00,55.89,20,1015.0,7.2
173,Hemet,City,Riverside,california,33.7475203,-116.97196840000001,2018-12-01 21:59:45+00,61.52,90,1013.0,5.7
174,Hercules,City,Contra Costa,california,38.017144099999996,-122.28858079999999,2018-12-01 21:59:45+00,58.46,40,1015.0,6.7
175,Hermosa Beach,City,Los Angeles,california,33.8622366,-118.39951940000002,2018-12-01 21:59:45+00,63.36,1,1013.0,4.1
176,Hesperia,City,San Bernardino,california,34.4263886,-117.3008784,2018-12-01 21:59:45+00,60.04,40,1013.0,4.6
177,Hidden Hills,City,Los Angeles,california,34.16028319999999,-118.6523096,2018-12-01 21:59:45+00,63.41,1,1013.0,4.1
178,Highland,City,San Bernardino,california,34.1283442,-117.2086513,2018-12-01 21:59:45+00,59.77,90,1013.0,5.7
179,Hillsborough,Town,San Mateo,california,37.5741032,-122.37941629999999,2018-12-01 21:59:45+00,57.74,75,1016.0,8.7
180,Hollister,City,San Benito,california,36.8524545,-121.40160209999999,2018-12-01 21:59:45+00,54.14,90,1016.0,2.1
181,Holtville,City,Imperial,california,32.811161199999994,-115.3802643,2018-12-01 21:59:45+00,69.64,1,1011.0,5.7
182,Hughson,City,Stanislaus,california,37.6027244,-120.8664811,2018-12-01 21:59:45+00,50.97,40,1015.0,2.1
183,Huntington Beach,City,Orange,california,33.6594835,-117.99880259999999,2018-12-01 21:59:45+00,63.3,1,1013.0,4.1
184,Huntington Park,City,Los Angeles,california,33.981681200000004,-118.22507250000001,2018-12-01 21:59:45+00,63.25,1,1013.0,4.1
185,Huron,City,Fresno,california,36.2027308,-120.10291770000002,2018-12-01 21:59:45+00,54.23,90,1015.0,4.1
186,Imperial,City,Imperial,california,32.8475528,-115.56943909999998,2018-12-01 21:59:45+00,69.58,1,1011.0,5.7
187,Imperial Beach,City,San Diego,california,32.58394439999999,-117.11308490000002,2018-12-01 21:59:45+00,63.41,1,1015.0,4.1
188,Indian Wells,City,Riverside,california,33.717631,-116.34075490000001,2018-12-01 21:59:45+00,63.07,1,1011.0,8.7
189,Indio,City,Riverside,california,33.7205771,-116.2155619,2018-12-01 21:59:45+00,63.1,1,1011.0,8.7
190,Industry,City,Los Angeles,california,34.0197335,-117.95867539999999,2018-12-01 21:59:45+00,62.92,1,1013.0,4.1
191,Inglewood,City,Los Angeles,california,33.9616801,-118.3531311,2018-12-01 21:59:45+00,63.25,1,1013.0,4.1
192,Ione,City,Amador,california,38.3526912,-120.93271770000001,2018-12-01 21:59:45+00,50.94,90,1014.0,2.1
193,Irvine,City,Orange,california,33.6845673,-117.82650490000002,2018-12-01 21:59:45+00,62.69,75,1014.0,4.1
194,Irwindale,City,Los Angeles,california,34.1069527,-117.93534129999999,2018-12-01 21:59:45+00,62.92,1,1013.0,4.1
195,Isleton,City,Sacramento,california,38.1618614,-121.6116206,2018-12-01 21:59:45+00,57.27,75,1015.0,3.1
196,Jackson,City,Amador,california,38.348802299999996,-120.7741018,2018-12-01 21:59:45+00,50.25,90,1014.0,2.1
197,Jurupa Valley,City,Riverside,california,33.9971974,-117.48548020000001,2018-12-01 21:59:45+00,62.42,90,1013.0,5.7
198,Kerman,City,Fresno,california,36.72355719999999,-120.05987900000001,2018-12-01 21:59:45+00,53.19,90,1016.0,4.1
199,King City,City,Monterey,california,36.2127439,-121.1260287,2018-12-01 21:59:45+00,53.06,90,1016.0,5.1
200,Kingsburg,City,Fresno,california,36.5138398,-119.5540175,2018-12-01 21:59:45+00,53.42,90,1015.0,4.1
201,La CaÃ±ada Flintridge,City,Los Angeles,california,34.2068182,-118.2000277,2018-12-01 21:59:45+00,62.69,1,1013.0,4.1
202,La Habra,City,Orange,california,33.931859100000004,-117.94613700000001,2018-12-01 21:59:45+00,62.92,1,1013.0,4.1
203,La Habra Heights,City,Los Angeles,california,33.9608461,-117.9506186,2018-12-01 21:59:45+00,62.92,1,1013.0,1.17
204,La Mesa,City,San Diego,california,32.7678287,-117.02308390000002,2018-12-01 21:59:45+00,63.28,75,1014.0,4.1
205,La Mirada,City,Los Angeles,california,33.9172357,-118.01200859999999,2018-12-01 21:59:45+00,62.92,1,1013.0,4.1
206,La Palma,City,Orange,california,33.8463218,-118.0461393,2018-12-01 21:59:45+00,63.25,1,1013.0,4.1
207,La Puente,City,Los Angeles,california,34.0200114,-117.94950829999999,2018-12-01 21:59:45+00,62.92,1,1013.0,4.1
208,La Quinta,City,Riverside,california,33.663357299999994,-116.31000949999999,2018-12-01 21:59:45+00,68.0,1,1011.0,8.7
209,La Verne,City,Los Angeles,california,34.10084260000001,-117.7678355,2018-12-01 21:59:45+00,62.94,1,1013.0,4.1
210,Lafayette,City,Contra Costa,california,37.885758200000005,-122.1180201,2018-12-01 21:59:45+00,57.96,90,1015.0,6.7
211,Laguna Beach,City,Orange,california,33.542718900000004,-117.7853568,2018-12-01 21:59:45+00,62.62,75,1014.0,4.1
212,Laguna Hills,City,Orange,california,33.591643299999994,-117.69866040000001,2018-12-01 21:59:45+00,62.53,75,1014.0,4.1
213,Laguna Niguel,City,Orange,california,33.5236744,-117.71494380000001,2018-12-01 21:59:45+00,62.49,75,1014.0,4.1
214,Laguna Woods,City,Orange,california,33.610170200000006,-117.7251162,2018-12-01 21:59:45+00,62.64,75,1014.0,4.1
215,Lake Elsinore,City,Riverside,california,33.668077200000006,-117.3272615,2018-12-01 21:59:45+00,62.19,90,1013.0,5.7
216,Lake Forest,City,Orange,california,33.6469437,-117.6861023,2018-12-01 21:59:45+00,62.64,75,1014.0,4.1
217,Lakeport,City,Lake,california,39.0429506,-122.91582930000001,2018-12-01 21:59:45+00,50.0,40,1015.0,1.5
218,Lakewood,City,Los Angeles,california,33.853626899999995,-118.13395630000001,2018-12-01 21:59:45+00,63.25,1,1013.0,4.1
219,Lancaster,City,Los Angeles,california,34.6867846,-118.1541632,2018-12-01 21:59:45+00,56.55,1,1013.0,4.1
220,Larkspur,City,Marin,california,37.9340915,-122.53525390000001,2018-12-01 21:59:45+00,58.14,75,1016.0,8.7
221,Lathrop,City,San Joaquin,california,37.8227046,-121.27661,2018-12-01 21:59:45+00,53.67,75,1015.0,3.1
222,Lawndale,City,Los Angeles,california,33.887237,-118.3525744,2018-12-01 21:59:45+00,63.25,1,1013.0,4.1
223,Lemon Grove,City,San Diego,california,32.7425516,-117.0314172,2018-12-01 21:59:45+00,63.34,75,1014.0,3.1
224,Lemoore,City,Kings,california,36.3007835,-119.7829107,2018-12-01 21:59:45+00,53.29,90,1015.0,4.1
225,Lincoln,City,Placer,california,38.891565,-121.29300790000002,2018-12-01 21:59:45+00,53.08,40,1013.0,6.7
226,Lindsay,City,Tulare,california,36.2030064,-119.08816000000002,2018-12-01 21:59:45+00,53.85,90,1016.0,1.5
227,Live Oak,City,Sutter,california,39.2757232,-121.6599701,2018-12-01 21:59:45+00,56.05,20,1013.0,6.2
228,Livermore,City,Alameda,california,37.6818745,-121.7680088,2018-12-01 21:59:45+00,57.04,90,1015.0,6.7
229,Livingston,City,Merced,california,37.3868826,-120.72353290000001,2018-12-01 21:59:45+00,51.94,40,1015.0,5.1
230,Lodi,City,San Joaquin,california,38.1341477,-121.27221940000001,2018-12-01 21:59:45+00,56.59,75,1015.0,3.1
231,Loma Linda,City,San Bernardino,california,34.0483474,-117.2611527,2018-12-01 21:59:45+00,61.41,90,1013.0,5.7
232,Lomita,City,Los Angeles,california,33.792239200000004,-118.3150722,2018-12-01 21:59:45+00,63.25,1,1013.0,4.1
233,Lompoc,City,Santa Barbara,california,34.6391501,-120.4579409,2018-12-01 21:59:45+00,60.64,75,1017.0,6.7
234,Long Beach,City,Los Angeles,california,33.770050399999995,-118.1937395,2018-12-01 21:59:45+00,63.25,1,1013.0,4.1
235,Loomis,Town,Placer,california,38.8212889,-121.1930041,2018-12-01 21:59:45+00,52.43,40,1013.0,6.7
236,Los Alamitos,City,Orange,california,33.80320089999999,-118.0718894,2018-12-01 21:59:45+00,63.25,1,1013.0,4.1
237,Los Altos,City,Santa Clara,california,37.3852183,-122.1141298,2018-12-01 21:59:45+00,56.95,90,1015.0,6.7
238,Los Altos Hills,Town,Santa Clara,california,37.379662700000004,-122.13746370000001,2018-12-01 21:59:45+00,56.95,90,1015.0,6.7
239,Los Angeles,City,Los Angeles,california,34.0522342,-118.24368490000002,2018-12-01 21:59:45+00,63.25,1,1013.0,4.1
240,Los Banos,City,Merced,california,37.0582786,-120.84991509999999,2018-12-01 21:59:45+00,52.39,40,1015.0,5.1
241,Los Gatos,Town,Santa Clara,california,37.235807799999996,-121.96237509999999,2018-12-01 21:59:45+00,56.26,90,1015.0,6.7
242,Loyalton,City,Sierra,california,39.67629360000001,-120.2410385,2018-12-01 21:59:45+00,37.51,75,1008.0,7.7
243,Lynwood,City,Los Angeles,california,33.930293,-118.21146029999998,2018-12-01 21:59:45+00,63.25,1,1013.0,4.1
244,Madera,City,Madera,california,36.961335600000005,-120.0607176,2018-12-01 21:59:45+00,51.67,90,1016.0,4.1
245,Malibu,City,Los Angeles,california,34.025921600000004,-118.7797571,2018-12-01 21:59:45+00,63.01,1,1013.0,4.1
246,Mammoth Lakes,Town,Mono,california,37.648546,-118.97207900000001,2018-12-01 21:59:45+00,33.62,90,1008.0,5.1
247,Manhattan Beach,City,Los Angeles,california,33.884736100000005,-118.41090890000001,2018-12-01 21:59:45+00,63.36,1,1013.0,4.1
248,Manteca,City,San Joaquin,california,37.797427299999995,-121.21605259999998,2018-12-01 21:59:45+00,53.56,90,1015.0,6.7
249,Maricopa,City,Kern,california,35.058858,-119.40095090000001,2018-12-01 21:59:45+00,57.92,1,1016.0,1.5
250,Marina,City,Monterey,california,36.68440289999999,-121.802173,2018-12-01 21:59:45+00,54.23,90,1016.0,2.1
251,Martinez,City,Contra Costa,california,38.0193657,-122.1341321,2018-12-01 21:59:45+00,58.26,40,1015.0,6.7
252,Marysville,City,Yuba,california,39.145725299999995,-121.5913547,2018-12-01 21:59:45+00,55.99,40,1013.0,6.7
253,Maywood,City,Los Angeles,california,33.9866807,-118.185349,2018-12-01 21:59:45+00,63.25,1,1013.0,4.1
254,McFarland,City,Kern,california,35.6780104,-119.22927479999998,2018-12-01 21:59:45+00,55.76,90,1015.0,1.92
255,Mendota,City,Fresno,california,36.753561100000006,-120.3815574,2018-12-01 21:59:45+00,52.47,90,1016.0,4.1
256,Menifee,City,Riverside,california,33.6971468,-117.185294,2018-12-01 21:59:45+00,61.56,90,1013.0,5.7
257,Menlo Park,City,San Mateo,california,37.4529598,-122.1817252,2018-12-01 21:59:45+00,56.79,90,1015.0,6.7
258,Merced,City,Merced,california,37.3021632,-120.48296770000002,2018-12-01 21:59:45+00,51.96,40,1015.0,5.1
259,Mill Valley,City,Marin,california,37.906036799999995,-122.5449763,2018-12-01 21:59:45+00,58.05,75,1016.0,8.7
260,Millbrae,City,San Mateo,california,37.5985468,-122.38719420000001,2018-12-01 21:59:45+00,57.85,75,1016.0,8.7
261,Milpitas,City,Santa Clara,california,37.4323341,-121.8995741,2018-12-01 21:59:45+00,56.95,90,1015.0,6.7
262,Mission Viejo,City,Orange,california,33.596891299999996,-117.6581562,2018-12-01 21:59:45+00,62.49,75,1014.0,4.1
263,Modesto,City,Stanislaus,california,37.63909719999999,-120.99687820000001,2018-12-01 21:59:45+00,52.23,40,1015.0,5.1
264,Monrovia,City,Los Angeles,california,34.14426160000001,-118.0019482,2018-12-01 21:59:45+00,62.69,1,1013.0,4.1
265,Montague,City,Siskiyou,california,41.7281985,-122.5278007,2018-12-01 21:59:45+00,41.74,90,1011.0,4.6
266,Montclair,City,San Bernardino,california,34.0775104,-117.68977759999999,2018-12-01 21:59:45+00,62.94,1,1013.0,4.1
267,Monte Sereno,City,Santa Clara,california,37.23633299999999,-121.99245800000001,2018-12-01 21:59:45+00,56.26,90,1015.0,6.7
268,Montebello,City,Los Angeles,california,34.0165053,-118.11375349999999,2018-12-01 21:59:45+00,63.25,1,1013.0,4.1
269,Monterey,City,Monterey,california,36.600237799999995,-121.8946761,2018-12-01 21:59:45+00,54.23,90,1016.0,2.1
270,Monterey Park,City,Los Angeles,california,34.0625106,-118.1228476,2018-12-01 21:59:45+00,63.25,1,1013.0,4.1
271,Moorpark,City,Ventura,california,34.285558,-118.8820414,2018-12-01 21:59:45+00,62.91,1,1013.0,4.1
272,Moraga,Town,Contra Costa,california,37.8349263,-122.1296871,2018-12-01 21:59:45+00,58.1,40,1015.0,6.7
273,Moreno Valley,City,Riverside,california,33.9424658,-117.2296717,2018-12-01 21:59:45+00,61.57,90,1013.0,5.7
274,Morgan Hill,City,Santa Clara,california,37.130501200000005,-121.65439009999999,2018-12-01 21:59:45+00,55.11,90,1016.0,2.1
275,Morro Bay,City,San Luis Obispo,california,35.3659445,-120.8499924,2018-12-01 21:59:45+00,58.12,75,1016.0,4.1
276,Mount Shasta,City,Siskiyou,california,41.30987460000001,-122.3105666,2018-12-01 21:59:45+00,42.39,90,1010.0,2.1
277,Mountain View,City,Santa Clara,california,37.3860517,-122.08385109999999,2018-12-01 21:59:45+00,56.95,90,1015.0,6.7
278,Murrieta,City,Riverside,california,33.553914299999995,-117.21392320000001,2018-12-01 21:59:45+00,61.32,90,1013.0,5.7
279,Napa,City,Napa,california,38.2975381,-122.28686499999999,2018-12-01 21:59:45+00,58.46,20,1015.0,7.2
280,National City,City,San Diego,california,32.6781085,-117.0991967,2018-12-01 21:59:45+00,63.48,1,1015.0,4.1
281,Needles,City,San Bernardino,california,34.8480597,-114.6141315,2018-12-01 21:59:45+00,63.72,75,1010.0,5.1
282,Nevada City,City,Nevada,california,39.2615606,-121.0160594,2018-12-01 21:59:45+00,51.78,90,1012.0,1.5
283,Newark,City,Alameda,california,37.5296593,-122.0402399,2018-12-01 21:59:45+00,56.95,20,1016.0,5.1
284,Newman,City,Stanislaus,california,37.31382670000001,-121.02076140000001,2018-12-01 21:59:45+00,53.06,40,1015.0,2.1
285,Newport Beach,City,Orange,california,33.618882899999996,-117.9298493,2018-12-01 21:59:45+00,62.94,75,1014.0,4.1
286,Norco,City,Riverside,california,33.9311257,-117.54866100000001,2018-12-01 21:59:45+00,62.6,90,1013.0,5.7
287,Norwalk,City,Los Angeles,california,33.9022367,-118.08173300000001,2018-12-01 21:59:45+00,63.25,1,1013.0,4.1
288,Novato,City,Marin,california,38.107419799999995,-122.5697032,2018-12-01 21:59:45+00,58.69,40,1015.0,6.7
289,Oakdale,City,Stanislaus,california,37.766594700000006,-120.84715449999999,2018-12-01 21:59:45+00,50.56,90,1014.0,2.1
290,Oakland,City,Alameda,california,37.8043637,-122.27111370000002,2018-12-01 21:59:45+00,57.96,90,1015.0,6.7
291,Oakley,City,Contra Costa,california,37.9974219,-121.71245359999999,2018-12-01 21:59:45+00,58.32,75,1015.0,3.1
292,Oceanside,City,San Diego,california,33.1958696,-117.3794834,2018-12-01 21:59:45+00,63.25,75,1014.0,3.1
293,Ojai,City,Ventura,california,34.448049499999996,-119.24288899999999,2018-12-01 21:59:45+00,64.0,40,1014.0,11.3
294,Ontario,City,San Bernardino,california,34.0633443,-117.65088759999999,2018-12-01 21:59:45+00,62.98,1,1013.0,4.1
295,Orange,City,Orange,california,33.7879139,-117.8531007,2018-12-01 21:59:45+00,62.94,1,1013.0,4.1
296,Orange Cove,City,Fresno,california,36.624394,-119.3137301,2018-12-01 21:59:45+00,53.11,90,1015.0,3.6
297,Orinda,City,Contra Costa,california,37.8771476,-122.17968880000001,2018-12-01 21:59:45+00,57.96,90,1015.0,6.7
298,Orland,City,Glenn,california,39.747380299999996,-122.19637479999999,2018-12-01 21:59:45+00,56.08,40,1013.0,4.1
299,Oroville,City,Butte,california,39.513775200000005,-121.55635900000001,2018-12-01 21:59:45+00,54.21,90,1012.0,1.5
300,Oxnard,City,Ventura,california,34.1975048,-119.17705159999998,2018-12-01 21:59:45+00,64.02,40,1014.0,11.3
301,Pacific Grove,City,Monterey,california,36.6177374,-121.9166215,2018-12-01 21:59:45+00,53.65,90,1017.0,3.1
302,Pacifica,City,San Mateo,california,37.613825299999995,-122.48691940000002,2018-12-01 21:59:45+00,57.67,75,1016.0,8.7
303,Palm Desert,City,Riverside,california,33.7222445,-116.37445559999999,2018-12-01 21:59:45+00,63.09,1,1011.0,8.7
304,Palm Springs,City,Riverside,california,33.8302961,-116.54529209999998,2018-12-01 21:59:45+00,61.41,90,1013.0,5.7
305,Palmdale,City,Los Angeles,california,34.5794343,-118.11646129999998,2018-12-01 21:59:45+00,57.7,1,1013.0,10.8
306,Palo Alto,City,Santa Clara,california,37.441883399999995,-122.14301950000001,2018-12-01 21:59:45+00,56.95,90,1015.0,6.7
307,Palos Verdes Estates,City,Los Angeles,california,33.800571399999995,-118.3900737,2018-12-01 21:59:45+00,63.36,1,1013.0,4.1
308,Paradise,Town,Butte,california,39.7596061,-121.62191770000001,2018-12-01 21:59:45+00,55.89,1,1014.0,4.1
309,Paramount,City,Los Angeles,california,33.8894598,-118.15979109999998,2018-12-01 21:59:45+00,63.25,1,1013.0,4.1
310,Parlier,City,Fresno,california,36.6116174,-119.52707340000002,2018-12-01 21:59:45+00,52.83,90,1015.0,3.6
311,Pasadena,City,Los Angeles,california,34.1477849,-118.1445155,2018-12-01 21:59:45+00,62.69,1,1013.0,4.1
312,Paso Robles,City,San Luis Obispo,california,35.6368759,-120.65450220000001,2018-12-01 21:59:45+00,56.17,90,1016.0,3.92
313,Patterson,City,Stanislaus,california,37.471600099999996,-121.12965600000001,2018-12-01 21:59:45+00,54.18,40,1015.0,2.1
314,Perris,City,Riverside,california,33.7825194,-117.22864779999999,2018-12-01 21:59:45+00,61.5,90,1013.0,5.7
315,Petaluma,City,Sonoma,california,38.232417,-122.6366524,2018-12-01 21:59:45+00,59.0,40,1015.0,6.7
316,Pico Rivera,City,Los Angeles,california,33.9830688,-118.09673500000001,2018-12-01 21:59:45+00,63.64,1,1013.0,4.1
317,Piedmont,City,Alameda,california,37.824371500000005,-122.23163500000001,2018-12-01 21:59:45+00,58.12,40,1015.0,6.7
318,Pinole,City,Contra Costa,california,38.0043667,-122.29885870000001,2018-12-01 21:59:45+00,58.35,40,1015.0,6.7
319,Pismo Beach,City,San Luis Obispo,california,35.1427533,-120.6412827,2018-12-01 21:59:45+00,58.35,75,1016.0,4.1
320,Pittsburg,City,Contra Costa,california,38.027976200000005,-121.88468059999998,2018-12-01 21:59:45+00,58.17,40,1015.0,6.7
321,Placentia,City,Orange,california,33.8710729,-117.86275479999999,2018-12-01 21:59:45+00,62.92,1,1013.0,4.1
322,Placerville,City,El Dorado,california,38.7296252,-120.798546,2018-12-01 21:59:45+00,49.98,90,1013.0,4.1
323,Pleasant Hill,City,Contra Costa,california,37.9479786,-122.06079629999999,2018-12-01 21:59:45+00,58.26,40,1015.0,6.7
324,Pleasanton,City,Alameda,california,37.6624312,-121.8746789,2018-12-01 21:59:45+00,56.89,90,1015.0,6.7
325,Plymouth,City,Amador,california,38.4818531,-120.84465900000001,2018-12-01 21:59:45+00,50.97,90,1014.0,2.1
326,Point Arena,City,Mendocino,california,38.908798,-123.69307260000001,2018-12-01 21:59:45+00,50.0,40,1015.0,1.5
327,Pomona,City,Los Angeles,california,34.055103,-117.7499909,2018-12-01 21:59:45+00,62.94,40,1014.0,2.6
328,Port Hueneme,City,Ventura,california,34.147782899999996,-119.1951074,2018-12-01 21:59:45+00,63.72,40,1015.0,4.6
329,Porterville,City,Tulare,california,36.06523,-119.0167679,2018-12-01 21:59:45+00,54.36,90,1016.0,1.5
330,Portola,City,Plumas,california,39.8104567,-120.4691034,2018-12-01 21:59:45+00,41.23,75,1008.0,7.7
331,Portola Valley,Town,San Mateo,california,37.3841066,-122.23524429999999,2018-12-01 21:59:45+00,56.79,20,1016.0,5.1
332,Poway,City,San Diego,california,32.9628232,-117.0358646,2018-12-01 21:59:45+00,62.96,75,1014.0,3.1
333,Rancho Cordova,City,Sacramento,california,38.5890723,-121.302728,2018-12-01 21:59:45+00,55.45,20,1014.0,3.6
334,Rancho Cucamonga,City,San Bernardino,california,34.10639889999999,-117.5931084,2018-12-01 21:59:45+00,63.03,20,1014.0,3.1
335,Rancho Mirage,City,Riverside,california,33.739744,-116.41278999999999,2018-12-01 21:59:45+00,62.64,1,1013.0,5.1
336,Rancho Palos Verdes,City,Los Angeles,california,33.7444613,-118.3870173,2018-12-01 21:59:45+00,63.36,1,1013.0,4.1
337,Rancho Santa Margarita,City,Orange,california,33.640171,-117.602832,2018-12-01 21:59:45+00,62.49,90,1013.0,5.7
338,Red Bluff,City,Tehama,california,40.1784886,-122.23583020000001,2018-12-01 21:59:45+00,54.45,40,1013.0,4.1
339,Redding,City,Shasta,california,40.5865396,-122.3916754,2018-12-01 21:59:45+00,50.68,75,1013.0,2.6
340,Redlands,City,San Bernardino,california,34.055569299999995,-117.1825381,2018-12-01 21:59:45+00,59.79,90,1013.0,5.7
341,Redondo Beach,City,Los Angeles,california,33.8491816,-118.3884078,2018-12-01 21:59:45+00,63.36,1,1013.0,4.1
342,Redwood City,City,San Mateo,california,37.485215200000006,-122.2363548,2018-12-01 21:59:45+00,57.74,20,1016.0,5.1
343,Reedley,City,Fresno,california,36.5963395,-119.45040290000001,2018-12-01 21:59:45+00,52.97,90,1015.0,3.6
344,Rialto,City,San Bernardino,california,34.1064001,-117.37032350000001,2018-12-01 21:59:45+00,61.41,90,1013.0,5.7
345,Richmond,City,Contra Costa,california,37.9357576,-122.3477486,2018-12-01 21:59:45+00,58.19,90,1015.0,6.7
346,Ridgecrest,City,Kern,california,35.6224561,-117.6708966,2018-12-01 21:59:45+00,60.98,1,1007.0,14.4
347,Rio Dell,City,Humboldt,california,40.4993013,-124.10643689999999,2018-12-01 21:59:45+00,47.7,40,1016.0,3.1
348,Rio Vista,City,Solano,california,38.15575020000001,-121.6913439,2018-12-01 21:59:45+00,57.74,75,1015.0,3.1
349,Ripon,City,San Joaquin,california,37.7394537,-121.13541409999998,2018-12-01 21:59:45+00,53.42,40,1015.0,2.1
350,Riverbank,City,Stanislaus,california,37.7360396,-120.9354895,2018-12-01 21:59:45+00,52.3,40,1015.0,2.1
351,Riverside,City,Riverside,california,33.9806005,-117.3754942,2018-12-01 21:59:45+00,61.92,90,1013.0,5.7
352,Rocklin,City,Placer,california,38.7907339,-121.2357828,2018-12-01 21:59:45+00,52.41,40,1013.0,6.7
353,Rohnert Park,City,Sonoma,california,38.3396367,-122.70109840000002,2018-12-01 21:59:45+00,59.23,40,1015.0,6.7
354,Rolling Hills,City,Los Angeles,california,33.756961499999996,-118.3539613,2018-12-01 21:59:45+00,63.36,1,1013.0,4.1
355,Rolling Hills Estates,City,Los Angeles,california,33.787794299999995,-118.3581284,2018-12-01 21:59:45+00,63.36,1,1013.0,4.1
356,Rosemead,City,Los Angeles,california,34.0805651,-118.072846,2018-12-01 21:59:45+00,63.27,1,1013.0,4.1
357,Roseville,City,Placer,california,38.752123499999996,-121.28800590000002,2018-12-01 21:59:45+00,52.41,40,1013.0,6.7
358,Ross,Town,Marin,california,37.9624239,-122.55497749999999,2018-12-01 21:59:45+00,58.55,40,1015.0,6.7
359,Sacramento,City,Sacramento,california,38.5815719,-121.49439960000001,2018-12-01 21:59:45+00,55.44,20,1014.0,3.6
360,St. Helena,City,Napa,california,38.5052429,-122.4703868,2018-12-01 21:59:45+00,58.91,40,1015.0,6.7
361,Salinas,City,Monterey,california,36.6777372,-121.6555013,2018-12-01 21:59:45+00,54.25,90,1016.0,2.1
362,San Anselmo,Town,Marin,california,37.9746458,-122.56164479999998,2018-12-01 21:59:45+00,58.33,75,1016.0,8.7
363,San Bernardino,City,San Bernardino,california,34.1083449,-117.2897652,2018-12-01 21:59:45+00,60.87,90,1013.0,5.7
364,San Bruno,City,San Mateo,california,37.6304904,-122.41108349999999,2018-12-01 21:59:45+00,57.85,75,1016.0,8.7
365,San Carlos,City,San Mateo,california,37.5071591,-122.26052220000001,2018-12-01 21:59:45+00,57.74,20,1016.0,5.1
366,San Clemente,City,Orange,california,33.4273521,-117.61260039999999,2018-12-01 21:59:45+00,62.82,75,1014.0,4.1
367,San Diego,City,San Diego,california,32.715738,-117.1610838,2018-12-01 21:59:45+00,63.34,75,1015.0,3.1
368,San Dimas,City,Los Angeles,california,34.1066756,-117.8067257,2018-12-01 21:59:45+00,62.94,1,1013.0,4.1
369,San Fernando,City,Los Angeles,california,34.2819461,-118.4389719,2018-12-01 21:59:45+00,62.65,5,1015.0,3.1
370,San Francisco,City and county,San Francisco,california,37.7749295,-122.4194155,2018-12-01 21:59:45+00,58.05,75,1016.0,8.7
371,San Gabriel,City,Los Angeles,california,34.09611110000001,-118.10583329999999,2018-12-01 21:59:45+00,63.27,1,1013.0,4.1
372,San Jacinto,City,Riverside,california,33.783908399999994,-116.95863500000002,2018-12-01 21:59:45+00,61.0,90,1013.0,5.7
373,San Joaquin,City,Fresno,california,36.6066162,-120.1890447,2018-12-01 21:59:45+00,52.79,90,1015.0,3.6
374,San Jose,City,Santa Clara,california,37.338208200000004,-121.88632859999998,2018-12-01 21:59:45+00,56.46,90,1015.0,6.7
375,San Juan Bautista,City,San Benito,california,36.84551079999999,-121.53799740000002,2018-12-01 21:59:45+00,54.27,90,1016.0,2.1
376,San Juan Capistrano,City,Orange,california,33.5019027,-117.6627655,2018-12-01 21:59:45+00,62.49,75,1014.0,4.1
377,San Leandro,City,Alameda,california,37.7249296,-122.1560768,2018-12-01 21:59:45+00,58.05,90,1015.0,6.7
378,San Luis Obispo,City,San Luis Obispo,california,35.2827524,-120.6596156,2018-12-01 21:59:45+00,58.26,75,1016.0,4.1
379,San Marcos,City,San Diego,california,33.1433723,-117.1661449,2018-12-01 21:59:45+00,62.96,75,1014.0,4.1
380,San Marino,City,Los Angeles,california,34.121396999999995,-118.1064585,2018-12-01 21:59:45+00,62.69,1,1013.0,3.1
381,San Mateo,City,San Mateo,california,37.562991700000005,-122.32552539999999,2018-12-01 21:59:45+00,57.67,75,1016.0,8.7
382,San Pablo,City,Contra Costa,california,37.96214570000001,-122.3455263,2018-12-01 21:59:45+00,58.35,40,1015.0,6.7
383,San Rafael,City,Marin,california,37.9735346,-122.5310874,2018-12-01 21:59:45+00,58.41,40,1015.0,6.7
384,San Ramon,City,Contra Costa,california,37.7799273,-121.9780153,2018-12-01 21:59:45+00,57.9,90,1015.0,6.7
385,Sand City,City,Monterey,california,36.6171819,-121.8482855,2018-12-01 21:59:45+00,54.23,90,1016.0,2.1
386,Sanger,City,Fresno,california,36.708006,-119.5559652,2018-12-01 21:59:45+00,53.17,90,1015.0,4.1
387,Santa Ana,City,Orange,california,33.7454725,-117.867653,2018-12-01 21:59:45+00,62.89,1,1013.0,4.1
388,Santa Barbara,City,Santa Barbara,california,34.4208305,-119.69819009999999,2018-12-01 21:59:45+00,63.55,1,1014.0,8.7
389,Santa Clara,City,Santa Clara,california,37.354107899999995,-121.9552356,2018-12-01 21:59:45+00,56.7,20,1016.0,5.1
390,Santa Clarita,City,Los Angeles,california,34.3916641,-118.54258600000001,2018-12-01 21:59:45+00,62.22,1,1013.0,4.1
391,Santa Cruz,City,Santa Cruz,california,36.9741171,-122.0307963,2018-12-01 21:59:45+00,54.57,75,1016.0,3.6
392,Santa Fe Springs,City,Los Angeles,california,33.9472359,-118.08534509999998,2018-12-01 21:59:45+00,63.16,1,1013.0,3.1
393,Santa Maria,City,Santa Barbara,california,34.953033700000006,-120.43571909999999,2018-12-01 21:59:45+00,59.47,75,1017.0,6.2
394,Santa Monica,City,Los Angeles,california,34.01945429999999,-118.4911912,2018-12-01 21:59:45+00,63.3,1,1013.0,4.1
395,Santa Paula,City,Ventura,california,34.3541659,-119.05927050000001,2018-12-01 21:59:45+00,63.1,40,1014.0,11.3
396,Santa Rosa,City,Sonoma,california,38.440428999999995,-122.7140548,2018-12-01 21:59:45+00,59.0,20,1015.0,7.2
397,Santee,City,San Diego,california,32.8383828,-116.97391670000002,2018-12-01 21:59:45+00,63.28,75,1014.0,3.1
398,Saratoga,City,Santa Clara,california,37.2638324,-122.0230146,2018-12-01 21:59:45+00,56.26,90,1015.0,6.7
399,Sausalito,City,Marin,california,37.8590937,-122.4852507,2018-12-01 21:59:45+00,58.23,40,1015.0,6.7
400,Scotts Valley,City,Santa Cruz,california,37.051059499999994,-122.0146841,2018-12-01 21:59:45+00,55.49,20,1016.0,5.1
401,Seal Beach,City,Orange,california,33.7414085,-118.10476820000001,2018-12-01 21:59:45+00,63.16,1,1013.0,3.1
402,Seaside,City,Monterey,california,36.614921700000004,-121.822098,2018-12-01 21:59:45+00,54.23,90,1016.0,2.1
403,Sebastopol,City,Sonoma,california,38.4021359,-122.82388059999998,2018-12-01 21:59:45+00,59.0,20,1015.0,7.2
404,Selma,City,Fresno,california,36.5707838,-119.61207649999999,2018-12-01 21:59:45+00,53.15,90,1015.0,4.1
405,Shafter,City,Kern,california,35.500513899999994,-119.2717761,2018-12-01 21:59:45+00,55.69,90,1015.0,1.92
406,Shasta Lake,City,Shasta,california,40.6804279,-122.3708419,2018-12-01 21:59:45+00,50.81,1,1012.0,1.5
407,Sierra Madre,City,Los Angeles,california,34.1616729,-118.0528456,2018-12-01 21:59:45+00,62.6,1,1013.0,4.1
408,Signal Hill,City,Los Angeles,california,33.8044614,-118.1678456,2018-12-01 21:59:45+00,63.25,1,1013.0,4.1
409,Simi Valley,City,Ventura,california,34.2694474,-118.78148200000001,2018-12-01 21:59:45+00,62.85,1,1013.0,4.1
410,Solana Beach,City,San Diego,california,32.991155,-117.27114809999999,2018-12-01 21:59:45+00,62.96,1,1013.0,4.6
411,Soledad,City,Monterey,california,36.424687,-121.32631869999999,2018-12-01 21:59:45+00,53.82,90,1016.0,2.1
412,Solvang,City,Santa Barbara,california,34.5958201,-120.13764809999999,2018-12-01 21:59:45+00,61.27,75,1017.0,6.7
413,Sonoma,City,Sonoma,california,38.291859,-122.45803559999999,2018-12-01 21:59:45+00,58.75,40,1015.0,6.7
414,Sonora,City,Tuolumne,california,37.982949600000005,-120.38217240000002,2018-12-01 21:59:45+00,48.87,40,1015.0,2.1
415,South El Monte,City,Los Angeles,california,34.0519548,-118.04673390000002,2018-12-01 21:59:45+00,63.18,1,1013.0,3.1
416,South Gate,City,Los Angeles,california,33.954737,-118.21201609999999,2018-12-01 21:59:45+00,63.25,1,1013.0,4.1
417,South Lake Tahoe,City,El Dorado,california,38.939926,-119.9771868,2018-12-01 21:59:45+00,35.24,90,1009.0,5.1
418,South Pasadena,City,Los Angeles,california,34.1161196,-118.15034879999999,2018-12-01 21:59:45+00,62.69,1,1013.0,4.1
419,South San Francisco,City,San Mateo,california,37.654656,-122.40774979999999,2018-12-01 21:59:45+00,57.85,75,1016.0,8.7
420,Stanton,City,Orange,california,33.8028875,-117.9931203,2018-12-01 21:59:45+00,62.83,1,1013.0,3.1
421,Stockton,City,San Joaquin,california,37.9577016,-121.29077959999998,2018-12-01 21:59:45+00,54.3,75,1015.0,3.1
422,Suisun City,City,Solano,california,38.2382474,-122.040244,2018-12-01 21:59:45+00,58.26,40,1015.0,6.7
423,Sunnyvale,City,Santa Clara,california,37.368829999999996,-122.03634960000001,2018-12-01 21:59:45+00,56.8,90,1015.0,6.7
424,Susanville,City,Lassen,california,40.4162842,-120.6530063,2018-12-01 21:59:45+00,42.8,20,1008.0,7.2
425,Sutter Creek,City,Amador,california,38.3929675,-120.8024357,2018-12-01 21:59:45+00,50.23,90,1014.0,2.1
426,Taft,City,Kern,california,35.142467100000005,-119.4565078,2018-12-01 21:59:45+00,57.92,1,1016.0,1.5
427,Tehachapi,City,Kern,california,35.1321877,-118.44897390000001,2018-12-01 21:59:45+00,54.81,1,1013.0,8.2
428,Tehama,City,Tehama,california,40.0271015,-122.12332279999998,2018-12-01 21:59:45+00,54.43,40,1013.0,4.1
429,Temecula,City,Riverside,california,33.4936391,-117.14836480000001,2018-12-01 21:59:45+00,61.9,90,1013.0,5.7
430,Temple City,City,Los Angeles,california,34.1072305,-118.05784560000001,2018-12-01 21:59:45+00,63.27,1,1013.0,1.17
431,Thousand Oaks,City,Ventura,california,34.1705609,-118.83759369999999,2018-12-01 21:59:45+00,62.85,1,1013.0,4.1
432,Tiburon,Town,Marin,california,37.87353770000001,-122.4566392,2018-12-01 21:59:45+00,58.23,40,1015.0,6.7
433,Torrance,City,Los Angeles,california,33.835849200000006,-118.34062879999999,2018-12-01 21:59:45+00,63.25,1,1013.0,4.1
434,Tracy,City,San Joaquin,california,37.7396513,-121.42522269999999,2018-12-01 21:59:45+00,56.64,75,1015.0,3.1
435,Trinidad,City,Humboldt,california,41.05929099999999,-124.14312460000001,2018-12-01 21:59:45+00,48.15,90,1016.0,1.5
436,Truckee,Town,Nevada,california,39.327962,-120.1832533,2018-12-01 21:59:45+00,35.28,90,1009.0,5.1
437,Tulare,City,Tulare,california,36.20772879999999,-119.3473379,2018-12-01 21:59:45+00,54.05,90,1015.0,3.6
438,Tulelake,City,Siskiyou,california,41.955988399999995,-121.4774916,2018-12-01 21:59:45+00,33.98,75,1008.0,5.7
439,Turlock,City,Stanislaus,california,37.494656799999994,-120.84659409999999,2018-12-01 21:59:45+00,52.61,40,1015.0,5.1
440,Tustin,City,Orange,california,33.7420005,-117.82363909999998,2018-12-01 21:59:45+00,62.58,90,1013.0,5.7
441,Twentynine Palms,City,San Bernardino,california,34.135558200000006,-116.05416890000001,2018-12-01 21:59:45+00,60.98,1,1013.0,5.1
442,Ukiah,City,Mendocino,california,39.1501709,-123.2077831,2018-12-01 21:59:45+00,50.0,40,1015.0,1.5
443,Union City,City,Alameda,california,37.59339179999999,-122.0438298,2018-12-01 21:59:45+00,57.02,20,1016.0,5.1
444,Upland,City,San Bernardino,california,34.09751,-117.64838759999999,2018-12-01 21:59:45+00,63.01,1,1013.0,4.1
445,Vacaville,City,Solano,california,38.3565773,-121.98774440000001,2018-12-01 21:59:45+00,58.06,40,1015.0,6.7
446,Vallejo,City,Solano,california,38.1040864,-122.25663670000002,2018-12-01 21:59:45+00,58.35,40,1015.0,6.7
447,Ventura,City,Ventura,california,34.28049229999999,-119.2945199,2018-12-01 21:59:45+00,64.0,40,1014.0,11.3
448,Vernon,City,Los Angeles,california,34.003903,-118.230073,2018-12-01 21:59:45+00,63.16,1,1013.0,3.1
449,Victorville,City,San Bernardino,california,34.5362184,-117.29276409999999,2018-12-01 21:59:45+00,58.3,40,1012.0,7.7
450,Villa Park,City,Orange,california,33.81400620000001,-117.8220723,2018-12-01 21:59:45+00,62.56,1,1013.0,3.1
451,Visalia,City,Tulare,california,36.330228399999996,-119.2920585,2018-12-01 21:59:45+00,53.65,90,1015.0,4.1
452,Vista,City,San Diego,california,33.2000368,-117.2425355,2018-12-01 21:59:45+00,63.18,1,1013.0,4.6
453,Walnut,City,Los Angeles,california,34.020289399999996,-117.86533859999999,2018-12-01 21:59:45+00,62.92,1,1013.0,1.02
454,Walnut Creek,City,Contra Costa,california,37.9100783,-122.06518190000001,2018-12-01 21:59:45+00,58.1,40,1015.0,6.7
455,Wasco,City,Kern,california,35.5941238,-119.34094569999999,2018-12-01 21:59:45+00,55.74,90,1015.0,1.92
456,Waterford,City,Stanislaus,california,37.6413202,-120.7604834,2018-12-01 21:59:45+00,51.08,40,1015.0,2.1
457,Watsonville,City,Santa Cruz,california,36.910231,-121.7568946,2018-12-01 21:59:45+00,54.59,90,1016.0,2.1
458,Weed,City,Siskiyou,california,41.42264979999999,-122.38612690000001,2018-12-01 21:59:45+00,42.33,90,1010.0,2.1
459,West Covina,City,Los Angeles,california,34.0686208,-117.93895259999998,2018-12-01 21:59:45+00,62.92,1,1013.0,4.1
460,West Hollywood,City,Los Angeles,california,34.0900091,-118.3617443,2018-12-01 21:59:45+00,63.37,1,1013.0,4.1
461,West Sacramento,City,Yolo,california,38.5804609,-121.53023400000001,2018-12-01 21:59:45+00,55.42,20,1014.0,3.6
462,Westlake Village,City,Los Angeles,california,34.1466467,-118.8073729,2018-12-01 21:59:45+00,62.85,1,1013.0,4.1
463,Westminster,City,Orange,california,33.75917570000001,-117.9897058,2018-12-01 21:59:45+00,62.83,1,1013.0,3.1
464,Westmorland,City,Imperial,california,33.0372674,-115.6213817,2018-12-01 21:59:45+00,69.15,75,1011.0,4.1
465,Wheatland,City,Yuba,california,39.0098946,-121.4230133,2018-12-01 21:59:45+00,55.87,40,1013.0,6.7
466,Whittier,City,Los Angeles,california,33.97917929999999,-118.032844,2018-12-01 21:59:45+00,63.55,1,1013.0,3.1
467,Wildomar,City,Riverside,california,33.5989126,-117.2800372,2018-12-01 21:59:45+00,61.88,90,1013.0,5.7
468,Williams,City,Colusa,california,39.154613700000006,-122.1494187,2018-12-01 21:59:45+00,57.65,20,1013.0,6.2
469,Willits,City,Mendocino,california,39.4096079,-123.35556559999999,2018-12-01 21:59:45+00,50.0,40,1015.0,1.5
470,Willows,City,Glenn,california,39.5243265,-122.19359309999999,2018-12-01 21:59:45+00,57.02,1,1014.0,4.1
471,Windsor,Town,Sonoma,california,38.547132700000006,-122.81638020000001,2018-12-01 21:59:45+00,59.0,20,1015.0,7.2
472,Winters,City,Yolo,california,38.5249065,-121.9708017,2018-12-01 21:59:45+00,57.33,40,1015.0,6.7
473,Woodlake,City,Tulare,california,36.413560499999996,-119.0987176,2018-12-01 21:59:45+00,52.99,90,1016.0,3.1
474,Woodland,City,Yolo,california,38.67851570000001,-121.7732971,2018-12-01 21:59:45+00,57.16,20,1013.0,6.2
475,Woodside,Town,San Mateo,california,37.429938799999995,-122.2538557,2018-12-01 21:59:45+00,56.77,20,1016.0,5.1
476,Yorba Linda,City,Orange,california,33.88850350000001,-117.8132571,2018-12-01 21:59:45+00,62.92,1,1013.0,4.1
477,Yountville,Town,Napa,california,38.40157809999999,-122.3608105,2018-12-01 21:59:45+00,58.89,40,1015.0,6.7
478,Yreka,City,Siskiyou,california,41.735418599999996,-122.6344709,2018-12-01 21:59:45+00,41.76,90,1011.0,4.6
479,Yuba City,City,Sutter,california,39.1404477,-121.6169108,2018-12-01 21:59:45+00,56.12,20,1013.0,6.2
480,Yucaipa,City,San Bernardino,california,34.033625,-117.0430865,2018-12-01 21:59:45+00,59.79,90,1013.0,5.7
481,Yucca Valley,Town,San Bernardino,california,34.114174299999995,-116.432235,2018-12-01 21:59:45+00,60.98,1,1013.0,5.1
